Address,Email,Id,FirstName,Initials,LastName,Login,MiddleName,Phone,Name,Password,Zipcode
Piet Heinstraat 46,balberts@mailserver.com,1,Bob,B.,Alberts,balberts,,06 33465699,Bob Alberts,41b7b160ab85d11aeeab2787b8b13368bc91bb05734655858ea9e27b,2712 GH
Rijnzichtweg 223,rbeekman@mailserver.com,2,Richard,R.,Beekman,rbeekman,,06 33466581,Richard Beekman,4558bf16341c0a67dadfa781784481f9dffa580588c8f71cfc95002d,2341 NG
Maarsbergenstraat 410,pbosch@mailserver.com,3,Pieter,P.,Bosch,pbosch,van den,06 78956722,Pieter van den Bosch,466150afe0789fdb80e30aca683a972794f32c934ae8d827b868b999,2546 FG
,fbrouwer@mailserver.com,4,Francine,F.,Brouwer,fbrouwer,,,Francine Brouwer,68ad60e5af33fa5ff0ae58fbddf81f8c83fb0fa6688ad71b49f6d33c,
,fdekker@mailserver.com,5,Femke,F.,Dekker,fdekker,,,Femke Dekker,bdf5d5769a19fde395f270dd442befa26fc6cd889b9553781c7451ed,
,fdijkman@mailserver.com,6,Joost,J.,Dijkman,jdijkman,,,Joost Dijkman,1c39e8b080f78941d6a61dbf798cf54e10891040b4b86b1dc14c606e,
,bhaverkamp@mailserver.com,7,Ben,B.,Haverkamp,bhaverkamp,,,Ben Haverkamp,367dc853b69aa4ee43f6ea5cf57d674d992d2564d5d829104637921a,
,ydarutoglu@mailserver.com,8,Yaren,Y,Darutoglu,ydarutoglu,,,Yaren Darutoglu,50b32e6cd86517884e2d68d24b8b9b983ce2bcf73e14c48036ca016f,
,ahuizenga@mailserver.com,9,Anne,A.,Huizenga,ahuizenga,,,Anne Huizenga,0f22c78fc1dd1acec5b1133a06f1626c6d4a9de91ad27cdb91c86821,
,lkovacs@mailserver.com,10,Laszlo,K.,Kovacs,lkovacs,,,Laszlo Kovacs,8dc83a3ad6dccd70cf993f0486a08b55c59436690ace2242ed5c522d,
,aklaasse@mailserver.com,11,Agnes,A.,Klaasse,aklaasse,,,Agnes Klaasse,e20614334bab41561f7582e71c5c73c61561851049302f3737fbe70c,
,clammerts@mailserver.com,12,Christine,C,Lammerts,clammerts,,,Christine Lammerts,4a1280ef5cfe9f66f919b47afa1baa1f93b7a6f1fbe6cd6cf6b02628,
,mvdvelde@mailserver.com,13,Marlinde,M.,Velden,mvdvelde,van der,,Marlinde van der Velden,bb3a8f47226b9e4327e84d734cffd86f05e1fa7824a56f21f07c855b,
,felkarkouri@mailserver.com,14,Fatima,F.,El Karkouri,felkarkouri,,,Fatima El Karkouri,0c9d0a7362d43e730056adbbf838c7b0b5d0a38733c1c3395d33c10d,
,edegraaf@mailserver.com,15,Ellen,,Graaf,edegraaf,de,,Ellen de Graaf,d6c8453a5093bba75f453331d07c3a19e46265d84e35e1d8948a5330,
,jnieuwenhuis@mailserver.com,16,Jessica,J.,Nieuwenhuis,jnieuwenhuis,,,Jessica Nieuwenhuis,fff14e93ce436e52599407ed8f9dab0e2eabbcea60f53274306bf541,
,mdejong@mailserver.com,17,Marcel,M.,Jong,mdejong,de,,Marcel de Jong,df5d68c8ce2c26b20f48040c0c4b0b9de58375aeca5c25689acd0f41,
,prademakers@mailserver.com,18,Paul,P.,Rademakers,prademakers,,,Paul Rademakers,21a5fde108dd07dc3376d3c34518897447b7c6a9780019957b8d5e68,
,mvdijk@mailserver.com,19,Mark,M.,Dijk,mvdijk,van,,Mark van Dijk,8ee291538f120e6c5cf4860484ed7e5702599e28993bb0623f7c6c90,
,akoerts@mailserver.com,20,Anouk,A.,Koerts,akoerts,,06-12345678,Anouk Koerts,3b783604274715aa4eaa5e85e1c3fade112884e6ab0f857ac61b5e36,
,edevries@mailserver.com,21,Evelien,V.,Vries,edevries,de,,Evelien de Vries,5bb07a23aa079ca4de604807793a7641dc4942c9b9908cd88e065244,
,llsong@mailserver.com,25,Ling,L.L.,Song,lsong,,,Ling Song,75ff4297fd9c12b8823a49b8a9ab7bc837c646c40f922f79ef40119f,
Rijnzichtweg 223,jmeijer@mailserver.com,26,Jeroen,J.,Meijer,jmeijer,,06 33466581,Jeroen Meijer,8daf020245b893ae7e8059a5dbc5106194cab46383af79f90cbd57e0,2341 NG
,fashruf@mailserver.com,27,Fiona,F.,Ashruf,fashruf,,,Fiona Ashruf,e4b41dd33499fc6b6995e857135178140c7e0cfcff20d9d8ecb743a7,
,,29,,,[Bezoeker 1],,,,[Bezoeker 1],2c65f286221dda140407387d927b7087a65c5036d697b67d66765316,
,,30,,,[Bezoeker 2],,,,[Bezoeker 2],5ccd3391fadf65918e915aca001efd1cd0e62d7a293343adbf9f7690,
,,31,,,[Bezoeker 3],,,,[Bezoeker 3],24300b5b000c6c0f8c7d81cccd55d41b0619c288968ed6ee0110127e,
,,32,,,[Bezoeker 4],,,,[Bezoeker 4],93d0cb3203e57782811c226124ac5ca33cac72068b241962de3f345a,
,,33,,,[Bezoeker 5],,,,[Bezoeker 5],7e552c2e4620ba29b06bf51d26d04aaec8093816750edbefabb479df,
,walter.waterman@externbedrijf.nl,34,Walter,,Waterman,walter.waterman,,,Walter Waterman,fe5eebbd7aa929d3e64f11b24f367afe4696a459fbad08af5b89918e,
,gerard.keurder@eenbedrijf.nl,35,Gerard,,Keurder,gerard.keurder,,,Gerard Keurder,bea071fbd62e13d825167035e498202fd46b2db5787c463b522590ec,
Vlietzichtweg 201,ctemporibus@mailserver.com,36,Charles,C.,Temporibus,cchronical,,06 33466581,Charles Temporibus,c650e2830b40ac878eb38a2b692551f68e49cbb807f380303d97b9e7,2341 NG
,kvdvoort@mailserver.com,37,Karel,K.,Voort,kvdvoort,van der,,Karel van der Voort,36989a72e1493074619d10e3f4944f7df6e6adc0878d6e423e40a3ae,
,,38,Cursist,,Nr01,cursist01,,,Cursist Nr01,27d5679d2f859b96b7b90d844d946b1a98bdad1b4fc88b0e2cfea0fb,
,,39,Cursist,,Nr02,cursist02,,,Cursist Nr02,19a8576fe6d872b35cae1371b6641866f9f051a43ac46a6aea5a23c2,
,,40,Cursist,,Nr03,cursist03,,,Cursist Nr03,0e51b1184e8f88a67581fb510f15361e49418614066f92af459b832e,
,,41,Cursist,,Nr04,cursist04,,,Cursist Nr04,843c917866b8bda0a09a66b31c35cbb2a9e52dd7dfffe22ce32fc2eb,
,,42,Cursist,,Nr05,cursist05,,,Cursist Nr05,b2190ebe4453012f92a9140e25e40928b7340927f7a9760d9377bb36,
,,43,Cursist,,Nr06,cursist06,,,Cursist Nr06,ae477b5110342edf6c1ba7419e6a2b38f2b8502736105c743a67854f,
,,44,Cursist,,Nr07,cursist07,,,Cursist Nr07,06925ccee262c3698e71342b9684a912ce112e1ddffdeae5431812f8,
,,45,Cursist,,Nr08,cursist08,,,Cursist Nr08,423cba6546658744b3cfa7c99319eee90aa49e1540c3908ef42eee43,
,,46,Cursist,,Nr09,cursist09,,,Cursist Nr09,7969cef9f91eb29957e613275d299c7e4413811885619178550958ce,
,,47,Cursist,,Nr10,cursist10,,,Cursist Nr10,529a7bdc8193392a7c35a5e19a4c31d9714f89d02dda707f771fdceb,
,,48,Cursist,,Nr11,cursist11,,,Cursist Nr11,1edb04d99651d9e6a0298fcdede1d700a1e31b1c3dfe2dab01948c4e,
,,49,Cursist,,Nr12,cursist12,,,Cursist Nr12,370704f3dc8ca2683c7dde7f44282b9162558068301dc2ccb5921984,
,,50,Cursist,,Nr13,cursist13,,,Cursist Nr13,026b9c6eef1c27b568d767ef9f344086b81d25beea2238f6e186ae55,
,,51,Cursist,,Nr14,cursist14,,,Cursist Nr14,8c2b4f8fdd43802b04e72d8caf79403756b9d22c82258ebbf1f30ef1,
,,54,Cursist,,Nr00,cursist00,,,Cursist Nr00,8c5fc10900f1a5f6baf534bfedd180115ca12fb8166fed90bd6b07be,